author,book_id,chapter_index,chapter_title,n_sentences,n_tokens,n_tokens_alpha,mean_sentence_len_tokens,var_sentence_len,var_sentence_len_tokens,mean_word_len,var_word_len,ttr,mtld,flesch_reading_ease,flesch_kincaid_grade,word_entropy_bits,vader_compound,vader_pos,vader_neu,vader_neg,n_unique_lemmas,pos_univ_.,pos_univ_ADJ,pos_univ_ADP,pos_univ_ADV,pos_univ_CONJ,pos_univ_DET,pos_univ_NOUN,pos_univ_NUM,pos_univ_PRON,pos_univ_PRT,pos_univ_VERB,pos_univ_X,pos_penn_'',pos_penn_CC,pos_penn_CD,pos_penn_DT,pos_penn_EX,pos_penn_FW,pos_penn_IN,pos_penn_JJ,pos_penn_JJR,pos_penn_JJS,pos_penn_MD,pos_penn_NN,pos_penn_NNP,pos_penn_NNPS,pos_penn_NNS,pos_penn_PDT,pos_penn_POS,pos_penn_PRP,pos_penn_PRP$,pos_penn_RB,pos_penn_RBR,pos_penn_RBS,pos_penn_RP,pos_penn_TO,pos_penn_UH,pos_penn_VB,pos_penn_VBD,pos_penn_VBG,pos_penn_VBN,pos_penn_VBP,pos_penn_VBZ,pos_penn_WDT,pos_penn_WP,pos_penn_WP$,pos_penn_WRB,pos_univ_prop_.,pos_univ_prop_ADJ,pos_univ_prop_ADP,pos_univ_prop_ADV,pos_univ_prop_CONJ,pos_univ_prop_DET,pos_univ_prop_NOUN,pos_univ_prop_NUM,pos_univ_prop_PRON,pos_univ_prop_PRT,pos_univ_prop_VERB,pos_univ_prop_X,pos_penn_prop_'',pos_penn_prop_CC,pos_penn_prop_CD,pos_penn_prop_DT,pos_penn_prop_EX,pos_penn_prop_FW,pos_penn_prop_IN,pos_penn_prop_JJ,pos_penn_prop_JJR,pos_penn_prop_JJS,pos_penn_prop_MD,pos_penn_prop_NN,pos_penn_prop_NNP,pos_penn_prop_NNPS,pos_penn_prop_NNS,pos_penn_prop_PDT,pos_penn_prop_POS,pos_penn_prop_PRP,pos_penn_prop_PRP$,pos_penn_prop_RB,pos_penn_prop_RBR,pos_penn_prop_RBS,pos_penn_prop_RP,pos_penn_prop_TO,pos_penn_prop_UH,pos_penn_prop_VB,pos_penn_prop_VBD,pos_penn_prop_VBG,pos_penn_prop_VBN,pos_penn_prop_VBP,pos_penn_prop_VBZ,pos_penn_prop_WDT,pos_penn_prop_WP,pos_penn_prop_WP$,pos_penn_prop_WRB,sample_sentences,pos_penn_$,pos_penn_prop_$
Dickens,PickwickPapers,1,CHAPTER I. THE PICKWICKIANS,79,2153,1736,27.253164556962027,986.2143887197567,986.2143887197567,4.900345622119816,7.550552875937054,0.394,67.6955,45.69851372212693,13.092450298129545,7.992611390404085,0.9998,0.187,0.76,0.053,677,,143,238,71,72,246,489,4,123,50,300,0,,72,4,221,1,0,238,134,3,6,24,258,141,5,85,1,1,70,43,63,3,1,6,43,0,43,98,31,64,19,21,23,8,2,4,,0.082373272,0.13709677419354838,0.040898618,0.041474654377880185,0.14170506912442396,0.2816820276497696,0.002304147,0.070852535,0.028801843,0.1728110599078341,0,,0.041474654377880185,0.002304147,0.12730414746543778,0.000576037,0,0.13709677419354838,0.07718894,0.001728111,0.003456221,0.013824884792626729,0.14861751152073732,0.081221198,0.002880184,0.048963134,0.000576037,0.000576037,0.040322581,0.024769585,0.036290322580645164,0.001728111,0.000576037,0.003456221,0.024769585,0,0.024769585,0.056451612903225805,0.017857142857142856,0.036866359,0.010944700460829493,0.012096774193548387,0.013248847926267281,0.004608295,0.001152074,0.002304147,[],,
Dickens,PickwickPapers,2,"CHAPTER II. THE FIRST DAY’S JOURNEY, AND THE FIRST EVENING’S ADVENTURES;",391,12612,9441,32.25575447570333,675.9806254537845,675.9806254537845,4.607986442114183,6.343624385368561,0.243,81.9932,61.189044120283796,8.424150510097359,8.947956403,1,0.122,0.822,0.056,2135,,726,1092,517,357,1179,2624,47,825,271,1802,1,,357,47,1103,10,0,1092,707,11,8,91,1603,677,6,338,11,0,520,251,460,13,11,57,214,1,275,736,183,252,175,90,55,51,3,33,,0.076898634,0.11566571337782014,0.054761148,0.037813790911979665,0.12488083889418494,0.27793665925219785,0.004978286,0.087384811,0.028704586378561592,0.19086961126999258,0.000105921,,0.037813790911979665,0.004978286,0.11683084419023408,0.00105921,0,0.11566571337782014,0.074886135,0.001165131,0.000847368,0.009638809,0.16979133566359494,0.071708505,0.000635526,0.035801292,0.001165131,0,0.055078911,0.026586166719627158,0.048723652,0.001376973,0.001165131,0.006037496,0.022667090350598454,0.000105921,0.02912827,0.077957843,0.01938354,0.026692088,0.018536172015676304,0.009532888,0.005825654,0.00540197,0.000317763,0.003495392,[],,
Dickens,PickwickPapers,3,CHAPTER III. A NEW ACQUAINTANCE--THE STROLLER’S TALE--A DISAGREEABLE,167,5611,4528,33.59880239520958,562.7791602423895,562.7791602423895,4.387367491166078,5.821236179437875,0.3006,81.5145,64.55024353668787,8.977029517,8.567591087027674,-0.9995,0.083,0.802,0.114,1281,,347,591,248,177,573,1048,12,516,117,899,0,,177,12,518,13,0,591,335,9,3,47,699,189,1,159,5,0,356,136,220,4,5,16,101,0,130,364,102,155,59,42,37,22,2,19,,0.076634276,0.13052120141342757,0.054770318021201414,0.039090106,0.12654593639575973,0.2314487632508834,0.002650177,0.11395759717314488,0.025839223,0.19854240282685512,0,,0.039090106,0.002650177,0.11439929328621908,0.002871025,0,0.13052120141342757,0.073984099,0.001987633,0.000662544,0.010379858657243815,0.15437279151943462,0.041740282685512366,0.000220848,0.035114841,0.00110424,0,0.078621908,0.030035335689045935,0.048586572,0.000883392,0.00110424,0.003533569,0.022305654,0,0.028710247,0.080388693,0.022526501766784453,0.034231448763250884,0.013030035335689047,0.009275618,0.008171378,0.004858657,0.000441696,0.004196113,[],,
Dickens,PickwickPapers,4,CHAPTER IV. A FIELD DAY AND BIVOUAC--MORE NEW FRIENDS--AN INVITATION TO,165,5709,4516,34.6,613.4521212121213,613.4521212121213,4.49955713,6.050265525744113,0.3,87.2999,63.08038804260997,8.815108153420493,8.648070689836834,0.9999,0.132,0.806,0.062,1291,,343,556,305,199,572,1123,25,391,132,869,1,,199,25,515,13,1,556,330,9,4,43,681,226,4,212,7,0,252,118,274,5,5,30,102,0,138,299,101,131,103,54,37,19,2,21,,0.07595217,0.12311780336581045,0.067537644,0.044065545,0.1266607617360496,0.2486713906111603,0.005535872,0.086581045,0.029229406554472984,0.1924269264836138,0.000221435,,0.044065545,0.005535872,0.11403897254207263,0.002878654,0.000221435,0.12311780336581045,0.073073516,0.001992914,0.00088574,0.009521701,0.1507971656333038,0.050044287,0.00088574,0.046944198405668734,0.001550044,0,0.055801594,0.026129318,0.060673162090345435,0.001107174,0.001107174,0.006643047,0.022586359610274578,0,0.030558015943312665,0.066209035,0.022364924712134634,0.029007971656333037,0.022807794508414525,0.011957484499557131,0.008193091,0.004207263,0.00044287,0.004650133,[],,
Dickens,PickwickPapers,5,"CHAPTER V. A SHORT ONE--SHOWING, AMONG OTHER MATTERS, HOW Mr. PICKWICK",139,4661,3560,33.53237410071942,622.6662181046529,622.6662181046529,4.510393258426967,5.878543665572529,0.3281,89.8794,66.72553860127574,7.749555280408032,8.502271854795211,0.999,0.104,0.821,0.075,1136,,254,446,201,146,475,908,34,307,107,680,2,,146,34,437,8,2,446,241,7,6,32,584,196,1,127,4,0,195,97,181,4,3,19,88,0,108,274,93,95,52,26,26,15,0,13,,0.071348315,0.1252808988764045,0.056460674157303374,0.041011236,0.13342696629213482,0.2550561797752809,0.009550562,0.086235955,0.030056179775280897,0.19101123595505617,0.000561798,,0.041011236,0.009550562,0.12275280898876405,0.002247191,0.000561798,0.1252808988764045,0.067696629,0.001966292,0.001685393,0.008988764,0.16404494382022472,0.05505618,0.000280899,0.035674157303370785,0.001123596,0,0.054775280898876406,0.027247191011235954,0.050842697,0.001123596,0.000842697,0.005337079,0.024719101123595506,0,0.030337078651685393,0.076966292,0.026123595505617977,0.026685393258426966,0.014606741573033709,0.007303371,0.007303371,0.004213483,0,0.003651685,[],,
Dickens,PickwickPapers,6,CHAPTER VI. AN OLD-FASHIONED CARD-PARTY--THE CLERGYMAN’S VERSES--THE,211,7135,5861,33.81516587677725,977.2596752094516,977.2596752094516,4.343627367343457,5.417494366519413,0.2694,85.603,64.81235853413568,9.700595284001448,8.620067664230465,0.9997,0.135,0.756,0.109,1499,,510,675,366,313,726,1385,29,620,154,1082,1,,313,29,656,14,1,675,484,19,7,52,994,182,1,208,6,0,378,203,315,12,1,27,127,0,152,493,79,178,70,58,50,37,2,38,,0.087015868,0.11516806005801059,0.062446681,0.053403856,0.12386964681794915,0.2363077973042143,0.004947961,0.10578399590513564,0.026275379628049822,0.18461013478928512,0.000170619,,0.053403856,0.004947961,0.11192629244156288,0.002388671,0.000170619,0.11516806005801059,0.082579765,0.003241768,0.001194335,0.008872206,0.1695956321446852,0.031052721378604334,0.000170619,0.035488824,0.001023716,0,0.064494114,0.034635728,0.053745095,0.002047432,0.000170619,0.004606722,0.021668657225729398,0,0.025934140931581643,0.084115339,0.013478929,0.030370243985667976,0.011943354376386283,0.009895922,0.008530967,0.006312916,0.000341239,0.006483535,[],,
Dickens,PickwickPapers,7,"CHAPTER VII. HOW MR. WINKLE, INSTEAD OF SHOOTING AT THE PIGEON AND",210,6638,5164,31.60952380952381,837.6094331065761,837.6094331065761,4.5127807900852055,5.952780106091088,0.3017,87.2781,63.581640915032054,8.525572019262786,8.806631718561542,0.9999,0.15,0.785,0.066,1481,,382,628,274,214,663,1391,39,414,169,988,2,,214,39,596,17,1,628,370,6,6,63,810,349,3,229,9,0,273,109,244,3,6,34,135,1,168,378,88,155,93,43,41,30,2,21,,0.073973664,0.12161115414407436,0.053059644,0.041440744,0.12838884585592564,0.26936483346243223,0.007552285,0.080170411,0.032726569,0.19132455460883036,0.000387297,,0.041440744,0.007552285,0.11541440743609604,0.003292022,0.000193648,0.12161115414407436,0.071649884,0.00116189,0.00116189,0.012199845081332301,0.156855151,0.067583269,0.000580945,0.044345469,0.001742835,0,0.052865995,0.021107668474051124,0.047250193648334625,0.000580945,0.00116189,0.006584043,0.026142525,0.000193648,0.032532920216886134,0.07319907,0.017041053446940357,0.030015491866769946,0.018009295,0.008326878,0.007939582,0.00580945,0.000387297,0.004066615,[],,
Dickens,PickwickPapers,8,"CHAPTER VIII. STRONGLY ILLUSTRATIVE OF THE POSITION, THAT THE COURSE OF",213,5962,4491,27.990610328638496,674.5445128,674.5445128,4.455355154753953,5.842306548325132,0.2982,86.0704,67.19343912,7.2150903965785425,8.605554129645412,0.9998,0.129,0.793,0.078,1292,,354,495,273,161,553,1173,25,459,103,894,1,,161,25,501,19,1,495,336,7,11,57,769,269,0,135,4,0,286,142,241,13,8,6,97,0,132,358,96,121,90,40,29,30,1,11,,0.078824315,0.11022044088176353,0.060788243,0.035849477,0.1231351592073035,0.26118904475617905,0.005566689,0.10220440881763528,0.022934758,0.19906479625918505,0.000222668,,0.035849477,0.005566689,0.11155644622578491,0.004230684,0.000222668,0.11022044088176353,0.074816299,0.001558673,0.002449343,0.012692050768203072,0.17123135159207303,0.059897573,0,0.03006012,0.00089067,0,0.063682921,0.031618793141839234,0.053662881,0.002894678,0.00178134,0.001336005,0.021598753061678914,0,0.029392117568470273,0.079714986,0.021376086,0.026942774437764418,0.02004008,0.008906702,0.006457359,0.006680027,0.000222668,0.002449343,[],,
Dickens,PickwickPapers,9,CHAPTER IX. A DISCOVERY AND A CHASE,155,4267,3186,27.529032258064515,456.6362539021852,456.6362539021852,4.336785938480854,5.177535683618972,0.3161,97.7203,72.71350706524075,6.497571189279736,8.400473348550914,-0.9407,0.078,0.84,0.082,963,,214,397,219,127,410,820,23,279,72,622,3,,127,23,373,7,2,397,205,6,3,20,515,178,0,127,7,0,182,86,198,5,2,30,42,1,90,282,61,93,55,21,23,10,1,14,,0.067168864,0.12460765850596359,0.06873823,0.039861895794099184,0.12868801004394226,0.2573760200878845,0.007219083,0.087570621,0.022598870056497175,0.19522912743251727,0.00094162,,0.039861895794099184,0.007219083,0.11707470182046453,0.002197112,0.000627746,0.12460765850596359,0.064344005,0.001883239,0.00094162,0.006277464,0.16164469554300062,0.055869429,0,0.039861895794099184,0.002197112,0,0.057124922,0.026993095,0.062146892655367235,0.001569366,0.000627746,0.009416196,0.013182674199623353,0.000313873,0.028248588,0.088512241,0.019146264908976772,0.029190207,0.017263026,0.006591337,0.007219083,0.003138732,0.000313873,0.004394225,[],,
Dickens,PickwickPapers,10,CHAPTER X. CLEARING UP ALL DOUBTS (IF ANY EXISTED) OF THE,215,7161,5218,33.306976744186045,695.5057652785289,695.5057652785289,4.169221924108854,5.159367006709829,0.2708,77.6835,71.65443533425102,6.9696624288592695,8.621014762533253,0.9997,0.104,0.829,0.067,1370,,418,590,259,178,644,1453,59,529,114,971,3,,178,59,597,17,1,590,397,17,4,47,881,376,8,188,7,0,340,152,233,5,1,25,89,2,153,334,69,107,156,105,23,35,2,20,,0.080107321,0.11307014181678804,0.049635876,0.034112687,0.12341893445764661,0.27845917976236106,0.011307014181678805,0.10137983901878114,0.021847451,0.18608662322729014,0.000574933,,0.034112687,0.011307014181678805,0.11441165197393638,0.003257953,0.000191644,0.11307014181678804,0.07608279,0.003257953,0.000766577,0.009007282,0.16883863549252587,0.07205826,0.001533154,0.036029129934840934,0.00134151,0,0.065159065,0.029129934840935224,0.044653123802223076,0.000958222,0.000191644,0.004791108,0.017056343,0.000383289,0.029321579,0.064009199,0.013223457263319279,0.020505940973553086,0.029896512073591414,0.020122652,0.004407819,0.006707551,0.000383289,0.003832886,[],,
Dickens,PickwickPapers,11,"CHAPTER XI. INVOLVING ANOTHER JOURNEY, AND AN ANTIQUARIAN DISCOVERY;",335,8687,7233,25.93134328358209,464.8161817776787,464.8161817776787,4.3156366652841145,5.516715262430024,0.2623,78.6801,69.50368474131847,8.135023307672483,8.752791919915179,0.9998,0.13,0.773,0.097,1750,,494,902,415,353,830,1585,39,943,210,1461,1,,353,39,752,10,1,902,479,8,7,78,1097,215,1,272,10,1,660,248,344,12,4,34,175,0,230,613,133,237,99,71,58,29,6,55,,0.068298078,0.12470620765933914,0.057375916,0.048804092354486385,0.11475183188165353,0.2191345223282179,0.005391954,0.13037467164385455,0.029033596,0.20199087515553713,0.000138255,,0.048804092354486385,0.005391954,0.1039679247891608,0.001382552,0.000138255,0.12470620765933914,0.06622425,0.001106042,0.000967787,0.010783907092492741,0.151665975,0.029724872,0.000138255,0.037605419604590073,0.001382552,0.000138255,0.091248445,0.034287294,0.047559795,0.001659063,0.000553021,0.004700677,0.024194663348541406,0,0.031798700400940134,0.084750449,0.018387944,0.032766486934881794,0.013687266694317711,0.009816121,0.008018803,0.004009401,0.000829531,0.007604037,[],,
Dickens,PickwickPapers,12,CHAPTER XII. DESCRIPTIVE OF A VERY IMPORTANT PROCEEDING ON THE PART OF,87,2874,2086,33.03448275862069,736.4700753071739,736.4700753071739,4.491371045,6.795467247752216,0.3571,87.1115,65.43681169071817,7.329041553932623,8.130311215800676,0.9996,0.127,0.82,0.053,749,,147,243,123,84,235,569,14,210,63,397,1,,84,14,215,3,1,243,140,5,2,18,326,182,2,59,2,0,150,53,110,2,3,9,54,0,70,153,24,50,54,28,15,7,0,8,,0.070469799,0.11649089165867689,0.058964525,0.040268456375838924,0.11265580057526366,0.27277085330776607,0.006711409,0.10067114093959731,0.030201342281879196,0.19031639501438158,0.000479386,,0.040268456375838924,0.006711409,0.10306807286673059,0.001438159,0.000479386,0.11649089165867689,0.067114094,0.002396932,0.000958773,0.008628955,0.15627996164908917,0.087248322,0.000958773,0.028283797,0.000958773,0,0.071907958,0.025407478427612654,0.052732502396931925,0.000958773,0.001438159,0.004314477,0.025886865,0,0.033557047,0.073346117,0.011505273250239693,0.023969319271332695,0.025886865,0.013422818791946308,0.007190796,0.003355705,0,0.003835091,[],,
Dickens,PickwickPapers,13,CHAPTER XIII. SOME ACCOUNT OF EATANSWILL; OF THE STATE OF PARTIES,232,8831,6783,38.064655172413794,922.9311645362664,922.9311645362664,4.491375497567448,6.194198063778224,0.258,73.7551,63.14434882256461,8.757207618182882,8.695557081489268,1,0.15,0.803,0.047,1667,,455,874,325,281,927,1887,45,570,187,1230,2,,281,45,831,21,1,874,444,2,9,62,1039,555,1,292,12,0,366,168,280,13,8,24,163,1,186,442,111,195,143,91,63,35,1,24,,0.067079463,0.12885154061624648,0.047913902,0.041427097154651336,0.13666519239274658,0.2781954887218045,0.006634233,0.084033613,0.027568922,0.18133569217160547,0.000294855,,0.041427097154651336,0.006634233,0.12251216275984078,0.003095975,0.000147427,0.12885154061624648,0.065457762,0.000294855,0.001326847,0.009140498,0.15317706029780334,0.081822203,0.000147427,0.043048798,0.001769129,0,0.053958425,0.024767802,0.04127967,0.001916556,0.001179419,0.003538257,0.024030664897537964,0.000147427,0.027421494913754976,0.065162907,0.016364440513047324,0.028748341441839895,0.021082117057349255,0.013415892672858616,0.009287926,0.005159959,0.000147427,0.003538257,[],,
Dickens,PickwickPapers,14,CHAPTER XIV. COMPRISING A BRIEF DESCRIPTION OF THE COMPANY AT THE,256,8673,6766,33.87890625,615.4970550537109,615.4970550537109,4.162281998226426,4.941149034281317,0.2322,74.5727,69.40886072353055,8.667558828569625,8.526470580388164,1,0.141,0.797,0.062,1504,,561,812,436,281,868,1653,33,661,183,1275,3,,281,33,788,19,1,812,541,14,6,79,1073,360,0,220,18,0,481,144,390,13,6,43,140,2,223,534,118,132,120,69,43,33,3,27,,0.082914573,0.12001182382500739,0.064439846,0.041531185,0.12828850133018033,0.24430978421519361,0.004877328,0.097694354,0.027046999704404374,0.1884422110552764,0.000443393,,0.041531185,0.004877328,0.11646467632279042,0.002808158,0.000147798,0.12001182382500739,0.079958617,0.002069169,0.000886787,0.011676027194797517,0.1585870529116169,0.053207213,0,0.032515519,0.002660361,0,0.071090748,0.021282885013301802,0.057641147,0.001921372,0.000886787,0.006355306,0.020691693762932308,0.000295596,0.032958912,0.078924032,0.017440142,0.019509311,0.017735737511084836,0.010198049,0.006355306,0.004877328,0.000443393,0.003990541,[],,
Dickens,PickwickPapers,15,CHAPTER XV. IN WHICH IS GIVEN A FAITHFUL PORTRAITURE OF TWO,203,6614,4836,32.58128078817734,934.2630978669708,934.2630978669708,4.499586435070306,6.096567240047589,0.2901,89.8319,64.99628835295758,7.557862002,8.679432916991257,1,0.144,0.813,0.043,1355,,352,554,263,177,543,1365,22,453,134,973,0,,177,22,484,14,0,554,338,10,4,63,682,498,4,181,14,1,284,124,229,8,4,23,110,0,158,337,98,144,112,61,31,43,2,22,,0.072787428,0.11455748552522746,0.054383788254755996,0.036600496,0.11228287841191067,0.28225806451612906,0.004549214,0.093672457,0.027708850289495452,0.2011993382961125,0,,0.036600496,0.004549214,0.1000827129859388,0.002894955,0,0.11455748552522746,0.069892473,0.002067825,0.00082713,0.013027295285359801,0.14102564102564102,0.10297766749379653,0.00082713,0.037427626137303556,0.002894955,0.000206782,0.058726220016542596,0.025641026,0.047353184449958646,0.00165426,0.00082713,0.004755997,0.022746071133167907,0,0.032671629,0.069685691,0.020264681555004136,0.029776675,0.023159636,0.012613730355665839,0.006410256,0.008891646,0.000413565,0.004549214,[],,
Dickens,PickwickPapers,16,CHAPTER XVI. TOO FULL OF ADVENTURE TO BE BRIEFLY DESCRIBED,299,9362,6938,31.31103678929766,484.81629959396423,484.81629959396423,4.218939175554915,5.338199970068044,0.2391,88.1416,73.98584344,6.3749123486036545,8.682490253937221,0.9999,0.106,0.829,0.066,1545,,469,792,405,264,857,1785,41,734,171,1420,0,,264,41,779,19,0,792,449,12,8,82,1138,451,3,193,11,0,502,182,343,11,5,39,132,0,212,465,138,171,215,137,48,45,5,46,,0.067598732,0.11415393485154224,0.058374171,0.038051312,0.12352262899971174,0.2572787546843471,0.005909484,0.10579417699625253,0.024646872297492073,0.2046699336984722,0,,0.038051312,0.005909484,0.11228019602190834,0.002738541,0,0.11415393485154224,0.064716057,0.001729605,0.00115307,0.011818968,0.1640242144710291,0.065004324,0.000432401,0.027817814932257136,0.001585471,0,0.072355146,0.026232343614874604,0.049437878,0.001585471,0.000720669,0.005621216,0.019025656,0,0.030556356298645143,0.067022197,0.019890458,0.024646872297492073,0.030988757567022195,0.019746324589218794,0.00691842,0.006486019,0.000720669,0.006630153,[],,
Dickens,PickwickPapers,17,"CHAPTER XVII. SHOWING THAT AN ATTACK OF RHEUMATISM, IN SOME CASES, ACTS",83,4161,3506,50.13253012048193,970.2354478153578,970.2354478153578,4.348545350827154,5.135789384281009,0.2875,76.9736,51.771352637540375,14.681585905317906,8.255364726678446,0.9999,0.149,0.779,0.072,954,,294,468,223,171,393,869,19,328,115,625,1,,171,19,357,10,0,468,285,4,5,41,531,233,0,105,4,0,190,113,183,7,5,25,90,1,122,257,70,96,23,16,22,25,0,28,,0.083856246,0.13348545350827154,0.063605248,0.048773531,0.11209355390758699,0.24786081003993155,0.005419281,0.093553908,0.032800913,0.1782658300057045,0.000285225,,0.048773531,0.005419281,0.10182544209925841,0.002852253,0,0.13348545350827154,0.081289218,0.001140901,0.001426127,0.011694238448374215,0.15145464917284654,0.066457501,0,0.029948659440958356,0.001140901,0,0.054192812,0.032230462,0.052196235,0.001996577,0.001426127,0.007130633,0.02567028,0.000285225,0.03479749,0.073302909,0.019965772960638905,0.027381631488876214,0.006560183,0.004563605,0.006274957,0.007130633,0,0.007986309,[],,
Dickens,PickwickPapers,18,"CHAPTER XVIII. BRIEFLY ILLUSTRATIVE OF TWO POINTS; FIRST, THE POWER OF",162,5028,3673,31.037037037037038,622.2578875171467,622.2578875171467,4.360196025047645,5.973444230564107,0.3008,84.6158,70.05825983851024,6.627061686186078,8.464479446,0.9828,0.096,0.816,0.088,1080,,229,439,209,127,390,944,14,426,120,772,3,,127,14,357,8,2,439,219,7,3,45,537,316,2,89,3,0,278,121,180,5,4,22,98,1,151,261,68,90,100,57,22,25,2,20,,0.062346855,0.11952082766131228,0.056901715,0.03457664,0.10618023414102913,0.25701061802341413,0.003811598,0.11598148652327797,0.032670841,0.2101824121971141,0.000816771,,0.03457664,0.003811598,0.097195753,0.002178056,0.000544514,0.11952082766131228,0.059624285,0.001905799,0.000816771,0.012251565477811054,0.14620201470187857,0.086033215,0.000544514,0.024230873945004085,0.000816771,0,0.075687449,0.032943098284780835,0.049006261911244214,0.001361285,0.001089028,0.005989654,0.026681187040566295,0.000272257,0.041110809,0.07105908,0.018513476722025593,0.024503130955622107,0.027225701061802342,0.015518649605227334,0.005989654,0.006806425,0.000544514,0.00544514,[],,
Dickens,PickwickPapers,19,CHAPTER XIX. A PLEASANT DAY WITH AN UNPLEASANT TERMINATION,223,6944,5111,31.13901345,617.5815721208953,617.5815721208953,4.2856583838779105,5.544695511551213,0.272,84.631,72.56012830447355,6.540197598,8.611323417165526,0.9999,0.131,0.807,0.062,1312,,384,601,337,173,576,1265,21,532,160,1062,0,,173,21,537,15,0,601,362,11,11,41,775,337,1,152,6,0,386,109,283,5,5,29,131,0,176,373,115,141,138,78,18,35,2,44,,0.075132068,0.11758951281549598,0.065936216,0.033848562,0.11269810213265506,0.24750538055175111,0.004108785,0.10408921933085502,0.031305028,0.20778712580708275,0,,0.033848562,0.004108785,0.1050675014674232,0.002934846,0,0.11758951281549598,0.070827627,0.002152221,0.002152221,0.008021914,0.15163373116806886,0.065936216,0.000195656,0.029739777,0.001173939,0,0.075523381,0.021326551,0.055370769,0.000978282,0.000978282,0.005674036,0.025630992,0,0.034435531,0.072979847,0.022500489141068284,0.027587556251222854,0.027000587,0.015261201330463705,0.003521816,0.006847975,0.000391313,0.008608883,[],,
Dickens,PickwickPapers,20,"CHAPTER XX. SHOWING HOW DODSON AND FOGG WERE MEN OF BUSINESS, AND THEIR",222,8410,6150,37.88288288288288,912.4997970943917,912.4997970943917,4.231056910569106,5.451490752858749,0.2434,80.0338,71.02786409821002,7.238399836183476,8.590197388129644,0.9999,0.1,0.866,0.033,1455,,417,701,345,229,669,1676,38,629,174,1269,3,,229,38,610,14,0,701,394,14,9,80,948,558,1,169,13,0,461,127,299,6,6,34,140,3,221,449,112,142,179,86,32,39,2,34,,0.067804878,0.11398373983739837,0.056097561,0.037235772,0.10878048780487805,0.27252032520325203,0.006178862,0.10227642276422765,0.028292683,0.20634146341463414,0.000487805,,0.037235772,0.006178862,0.099186992,0.002276423,0,0.11398373983739837,0.064065041,0.002276423,0.001463415,0.013008130081300813,0.15414634146341463,0.090731707,0.000162602,0.027479675,0.002113821,0,0.07495935,0.020650407,0.048617886178861786,0.00097561,0.00097561,0.005528455,0.022764227642276424,0.000487805,0.035934959349593495,0.07300813,0.018211382113821138,0.023089430894308944,0.029105691,0.013983739837398375,0.005203252,0.006341463,0.000325203,0.005528455,[],,
Dickens,PickwickPapers,21,CHAPTER XXI. IN WHICH THE OLD MAN LAUNCHES FORTH INTO HIS FAVOURITE,259,8954,7258,34.57142857142857,665.3028130170987,665.3028130170987,4.269909065858363,4.844619473681933,0.2524,84.915,67.5065376,9.543955147969537,8.739275966623822,-0.9995,0.106,0.77,0.124,1700,,539,934,403,360,868,1701,41,823,189,1400,0,,360,41,790,16,0,934,511,13,15,82,1262,166,0,273,11,0,506,265,349,9,5,39,150,0,241,521,148,218,105,85,51,48,4,40,,0.074262882,0.12868558831634058,0.055524938,0.049600440892807934,0.11959217415265913,0.2343620832185175,0.005648939,0.11339211904105814,0.026040231468724168,0.19289060347203085,0,,0.049600440892807934,0.005648939,0.10884541195921742,0.002204464,0,0.12868558831634058,0.07040507,0.001791127,0.002066685,0.011297878203361807,0.17387710112978783,0.022871314,0,0.037613668,0.001515569,0,0.069716175,0.036511436,0.048084872,0.001240011,0.000688895,0.005373381,0.020666850372003307,0,0.033204739597685315,0.07178286,0.020391292367043262,0.030035822540644807,0.014466795260402315,0.011711215210801873,0.007026729,0.006613392,0.000551116,0.00551116,[],,
Dickens,PickwickPapers,22,CHAPTER XXII. MR. PICKWICK JOURNEYS TO IPSWICH AND MEETS WITH A ROMANTIC,252,8010,5890,31.785714285714285,756.5017006802722,756.5017006802722,4.2551782682512735,5.4983815047229765,0.2506,83.3996,70.53577513700832,6.953355407812641,8.616814423,0.9999,0.11,0.836,0.054,1400,,385,719,416,180,677,1452,30,653,201,1175,2,,180,30,627,12,2,719,355,12,18,56,911,391,0,150,6,0,453,162,359,12,8,59,142,0,186,396,119,148,158,112,32,36,2,37,,0.065365025,0.12207130730050934,0.070628183,0.030560271646859084,0.11494057724957556,0.24651952461799662,0.005093379,0.11086587436332768,0.034125636672325974,0.199490662,0.000339559,,0.030560271646859084,0.005093379,0.1064516129032258,0.002037351,0.000339559,0.12207130730050934,0.060271647,0.002037351,0.003056027,0.00950764,0.15466893039049237,0.066383701,0,0.025466893039049237,0.001018676,0,0.076910017,0.027504244482173174,0.060950764,0.002037351,0.001358234,0.010016977928692699,0.024108658743633278,0,0.031578947368421054,0.067232598,0.020203735144312392,0.025127334465195245,0.026825127334465196,0.019015280135823428,0.005432937,0.006112054,0.000339559,0.006281834,[],,
Dickens,PickwickPapers,23,CHAPTER XXIII. IN WHICH MR. SAMUEL WELLER BEGINS TO DEVOTE HIS ENERGIES,129,4281,3179,33.18604651162791,431.42275103659637,431.42275103659637,4.1324315822585715,5.229080309490136,0.3036,91.2552,73.88365187055845,6.571421416298033,8.408702938778523,0.9997,0.11,0.834,0.056,952,,241,386,215,95,327,763,16,365,110,659,2,,95,16,296,9,2,386,226,11,4,41,447,249,0,67,2,0,269,78,183,5,3,21,89,0,123,220,59,81,92,43,20,18,0,24,,0.075810003,0.12142183076439132,0.067631331,0.029883611,0.10286253538848694,0.2400125825731362,0.005033029,0.11481597986788299,0.034602076,0.20729789241899968,0.000629129,,0.029883611,0.005033029,0.093111041,0.002831079,0.000629129,0.12142183076439132,0.071091538,0.003460208,0.001258257,0.012897137464611514,0.140610255,0.078326518,0,0.021075810003145644,0.000629129,0,0.084617804,0.024536017615602392,0.057565272,0.001572822,0.000943693,0.006605851,0.027996225228059137,0,0.038691412393834536,0.069204152,0.018559295375904374,0.025479710600817867,0.028939918213274615,0.013526266121421831,0.006291287,0.005662158,0,0.007549544,[],,
Dickens,PickwickPapers,24,"CHAPTER XXIV. WHEREIN MR. PETER MAGNUS GROWS JEALOUS, AND THE MIDDLE-",213,7326,5473,34.394366197183096,797.8444753025194,797.8444753025194,4.573908276996163,6.589138333995075,0.2699,73.9042,63.14131685224626,8.013808522960804,8.537958211799033,0.9998,0.113,0.818,0.069,1402,,357,645,305,215,705,1465,20,500,168,1088,5,,215,20,641,7,4,645,335,8,14,71,859,453,2,151,10,0,319,149,272,6,7,24,144,1,180,403,108,146,108,72,47,29,3,20,,0.065229308,0.11785126987027225,0.05572812,0.039283757,0.12881417869541384,0.26767769048054085,0.003654303,0.091357574,0.030696144710396493,0.19879408002923443,0.000913576,,0.039283757,0.003654303,0.11712040928192947,0.001279006,0.000730861,0.11785126987027225,0.061209574,0.001461721,0.002558012,0.012972775443084231,0.15695231134661064,0.082769962,0.00036543,0.027589987209939704,0.001827151,0,0.058286131920336194,0.027224556915768316,0.04969852,0.001096291,0.001279006,0.004385164,0.026310981,0.000182715,0.032888726,0.073634204,0.019733236,0.026676411474511236,0.019733236,0.013155490590169926,0.008587612,0.005298739,0.000548145,0.003654303,[],,
Dickens,PickwickPapers,25,"CHAPTER XXV. SHOWING, AMONG A VARIETY OF PLEASANT MATTERS, HOW MAJESTIC",303,9203,6762,30.372937293729372,577.3493666198303,577.3493666198303,4.387163561076605,5.843005885,0.2394,77.3472,69.03781085860588,6.949490854,8.673411388,0.9999,0.136,0.788,0.076,1558,,455,731,417,264,750,1786,36,729,214,1378,2,,264,36,686,7,1,731,440,10,5,81,988,613,1,184,15,0,485,194,360,5,4,35,179,1,248,519,116,150,170,94,42,50,0,48,,0.067287785,0.10810411120970127,0.061668146,0.039041704,0.11091393078970718,0.2641230405205561,0.005323869,0.10780834072759539,0.031647442,0.20378586217095535,0.00029577,,0.039041704,0.005323869,0.10144927536231885,0.001035197,0.000147885,0.10810411120970127,0.065069506,0.001478852,0.000739426,0.011978704525288377,0.1461106181603076,0.090653653,0.000147885,0.027210884353741496,0.002218279,0,0.071724342,0.028689736764270925,0.053238687,0.000739426,0.000591541,0.005175983,0.026471458148476783,0.000147885,0.03667554,0.07675244,0.017154688,0.022182786157941437,0.025140490979000295,0.013901212658976633,0.00621118,0.007394262,0,0.007098492,[],,
Dickens,PickwickPapers,26,CHAPTER XXVI. WHICH CONTAINS A BRIEF ACCOUNT OF THE PROGRESS OF THE,93,3177,2325,34.16129032258065,908.8234477974333,908.8234477974333,4.363010752688172,5.671233946120938,0.3247,87.8742,70.46033834586467,6.9095154553049305,8.224651671987715,0.9996,0.116,0.833,0.051,729,,154,278,139,98,212,602,14,232,91,502,3,,98,14,195,7,3,278,143,5,6,36,300,222,3,77,3,0,165,58,120,6,0,13,78,0,107,167,46,64,46,36,7,9,0,13,,0.066236559,0.11956989247311828,0.059784946,0.042150537634408604,0.091182796,0.2589247311827957,0.006021505,0.099784946,0.039139785,0.21591397849462365,0.001290323,,0.042150537634408604,0.006021505,0.083870968,0.003010753,0.001290323,0.11956989247311828,0.061505376344086024,0.002150538,0.002580645,0.015483870967741935,0.12903225806451613,0.095483871,0.001290323,0.033118279569892474,0.001290323,0,0.070967742,0.024946236559139787,0.051612903,0.002580645,0,0.005591398,0.033548387,0,0.046021505376344085,0.071827957,0.019784946,0.027526881720430108,0.019784946,0.015483870967741935,0.003010753,0.003870968,0,0.005591398,[],,
Dickens,PickwickPapers,27,"CHAPTER XXVII. SAMUEL WELLER MAKES A PILGRIMAGE TO DORKING, AND BEHOLDS",134,4795,3561,35.78358208955224,607.7815214969926,607.7815214969926,4.1943274361134515,5.578075095256808,0.3055,86.2528,68.60168257503649,7.821025610155271,8.408101788814857,0.9996,0.095,0.852,0.053,1040,,280,446,213,138,411,902,10,367,100,693,1,,138,10,390,4,1,446,264,8,8,25,561,231,3,107,3,0,248,97,192,2,7,24,76,0,106,274,61,75,79,73,14,22,0,12,,0.078629598,0.12524571749508565,0.059814659,0.038753159224936815,0.11541701769165964,0.2532996349340073,0.0028082,0.10306093793878124,0.028081999,0.1946082561078349,0.00028082,,0.038753159224936815,0.0028082,0.10951979780960404,0.00112328,0.00028082,0.12524571749508565,0.074136479,0.00224656,0.00224656,0.0070205,0.15754001684919966,0.064869419,0.00084246,0.030047739,0.00084246,0,0.069643359,0.027239539,0.053917439,0.00056164,0.00196574,0.00673968,0.02134232,0,0.029766919404661613,0.076944678,0.017130019657399607,0.0210615,0.02218478,0.02049986,0.00393148,0.00617804,0,0.00336984,[],,
Dickens,PickwickPapers,28,"CHAPTER XXVIII. A GOOD-HUMOURED CHRISTMAS CHAPTER, CONTAINING AN ACCOUNT",247,10888,8677,44.08097165991903,1220.3497188939339,1220.3497188939339,4.285467327,5.1635239633499275,0.2388,80.9145,65.41867063089197,9.651853226976076,8.814013840677804,1,0.159,0.791,0.05,1908,,786,1077,530,459,1174,2146,44,696,240,1525,0,,459,44,1041,32,0,1077,752,14,20,63,1361,409,4,372,25,0,480,172,468,14,6,70,170,0,239,521,144,206,195,157,76,43,1,42,,0.090584303,0.12412124005992854,0.061081018785294455,0.052898467212170106,0.135300219,0.24732050247781492,0.005070877,0.080212055,0.027659329261265415,0.17575198801429065,0,,0.052898467212170106,0.005070877,0.11997234067073874,0.003687911,0,0.12412124005992854,0.086665898,0.001613461,0.002304944,0.007260574,0.15685144635242596,0.047136106949406474,0.000460989,0.042871960354961394,0.00288118,0,0.055318659,0.019822519,0.053935692059467556,0.001613461,0.000691483,0.008067304,0.019592024893396336,0,0.027544082056010142,0.060043793937997005,0.016595598,0.023740924,0.022473205024778148,0.018093811,0.008758788,0.00495563,0.000115247,0.004840383,[],,
Dickens,PickwickPapers,29,CHAPTER XXIX. THE STORY OF THE GOBLINS WHO STOLE A SEXTON,121,5015,4123,41.446280991735534,876.1479407144321,876.1479407144321,4.349502789231142,4.896280980043155,0.2927,77.8545,58.76811495978417,12.840783109341668,8.376384348808891,0.9996,0.132,0.77,0.098,1117,,302,552,230,224,580,1007,29,374,111,713,1,,224,29,530,4,0,552,279,10,13,27,689,131,1,186,14,0,215,127,202,6,8,31,80,1,86,352,75,108,42,23,32,31,1,14,,0.073247635,0.13388309483385885,0.055784622847441186,0.054329372,0.14067426631093863,0.24423963133640553,0.007033713,0.090710648,0.026922144,0.17293233082706766,0.000242542,,0.054329372,0.007033713,0.12854717438758187,0.000970167,0,0.13388309483385885,0.067669173,0.002425418,0.003153044,0.00654863,0.16711132670385642,0.031772981,0.000242542,0.045112781954887216,0.003395586,0,0.052146495,0.030802813,0.048993451,0.001455251,0.001940335,0.007518797,0.019403347077370847,0.000242542,0.020858598,0.085374727,0.018190638,0.026194519,0.010186757215619695,0.005578462,0.007761339,0.007518797,0.000242542,0.003395586,[],,
Dickens,PickwickPapers,30,CHAPTER XXX. HOW THE PICKWICKIANS MADE AND CULTIVATED THE ACQUAINTANCE,175,5506,4105,31.462857142857143,707.4257632653062,707.4257632653062,4.444336175395859,5.8420294314440815,0.2996,87.1139,67.84457595575181,7.153312485,8.568169131429974,0.9998,0.109,0.837,0.054,1203,,292,490,251,179,452,1170,20,352,115,783,1,,179,20,405,10,0,490,277,6,9,33,578,449,0,143,6,0,232,102,221,5,5,32,83,1,115,324,91,93,89,38,31,18,0,20,,0.071132765,0.11936662606577345,0.061144945,0.043605359,0.11010962241169306,0.2850182704019488,0.004872107,0.085749086,0.028014616321559074,0.1907429963459196,0.000243605,,0.043605359,0.004872107,0.098660171,0.002436054,0,0.11936662606577345,0.067478685,0.001461632,0.002192448,0.008038977,0.14080389768574908,0.10937880633373934,0,0.034835566382460416,0.001461632,0,0.056516443,0.024847747,0.053836784,0.001218027,0.001218027,0.007795371,0.020219244823386114,0.000243605,0.028014616321559074,0.078928136,0.022168087697929353,0.022655298416565165,0.021680876979293544,0.009257004,0.007551766,0.004384896,0,0.004872107,[],,
Dickens,PickwickPapers,31,"CHAPTER XXXI. WHICH IS ALL ABOUT THE LAW, AND SUNDRY GREAT AUTHORITIES",216,7829,5904,36.245370370370374,956.2314600480108,956.2314600480108,4.35399729,5.832341745250109,0.2637,86.5959,67.42908588454716,7.991066885017208,8.706792949,0.9999,0.11,0.832,0.058,1468,,425,727,346,226,645,1535,29,613,161,1192,5,,226,29,573,13,3,727,408,9,8,55,888,436,0,211,12,0,407,171,304,10,6,27,134,2,180,413,109,151,165,119,47,32,3,26,,0.071985095,0.12313685636856368,0.058604336,0.038279133,0.1092479674796748,0.2599932249322493,0.004911924,0.1038279132791328,0.027269647696476964,0.2018970189701897,0.000846883,,0.038279133,0.004911924,0.097052846,0.002201897,0.00050813,0.12313685636856368,0.069105691,0.00152439,0.001355014,0.009315718,0.15040650406504066,0.073848238,0,0.035738482,0.00203252,0,0.068936314,0.028963414634146343,0.051490514905149054,0.001693767,0.00101626,0.004573171,0.022696476964769646,0.000338753,0.030487805,0.069952575,0.018462059620596206,0.025575881,0.027947154471544715,0.020155827,0.007960705,0.005420054,0.00050813,0.004403794,[],,
Dickens,PickwickPapers,32,"CHAPTER XXXII. DESCRIBES, FAR MORE FULLY THAN THE COURT NEWSMAN EVER",193,6890,5278,35.69948186528497,944.2205696797229,944.2205696797229,4.352027283061766,5.886307940142334,0.2694,81.2192,66.47161856219998,8.054084604030674,8.600149859633596,0.9995,0.104,0.815,0.08,1372,,397,633,276,155,698,1394,19,475,171,1059,1,,155,19,634,19,1,633,374,14,9,53,818,405,0,171,9,0,336,104,244,6,4,24,147,0,182,387,87,152,129,69,36,34,1,22,,0.075217886,0.11993179234558544,0.052292535,0.029367184539598332,0.13224706328154603,0.2641151951496779,0.003599848,0.089996211,0.032398636,0.2006441834028041,0.000189466,,0.029367184539598332,0.003599848,0.12012125805229254,0.003599848,0.000189466,0.11993179234558544,0.070860174,0.00265252,0.001705191,0.010041682,0.15498294808639637,0.076733611,0,0.032398636,0.001705191,0,0.063660477,0.019704433497536946,0.046229632436528986,0.001136794,0.000757863,0.004547177,0.027851458885941646,0,0.034482758620689655,0.073323228,0.016483516483516484,0.028798787419477074,0.024441076165214095,0.013073133762788935,0.006820765,0.006441834,0.000189466,0.004168246,[],,
Dickens,PickwickPapers,33,CHAPTER XXXIII. MR. WELLER THE ELDER DELIVERS SOME CRITICAL SENTIMENTS,201,8171,6156,40.65174129353234,1122.6249845300858,1122.6249845300858,4.331871345029239,5.928035549399816,0.2792,90.549,64.33206054737174,8.950718469393745,8.785866517418018,0.9999,0.114,0.834,0.051,1692,,482,719,335,258,760,1711,26,526,181,1156,2,,258,26,697,16,2,719,467,10,5,50,999,509,2,201,5,0,354,136,311,7,6,33,148,0,184,401,126,149,131,115,42,35,1,11,,0.078297596,0.11679662118258609,0.054418453541260556,0.041910331,0.12345679012345678,0.27794022092267706,0.004223522,0.085445094,0.029402209,0.18778427550357374,0.000324886,,0.041910331,0.004223522,0.11322287199480181,0.00259909,0.000324886,0.11679662118258609,0.075860949,0.001624431,0.000812216,0.008122157,0.16228070175438597,0.082683561,0.000324886,0.032651072124756333,0.000812216,0,0.057504873294346975,0.022092267706302793,0.050519818,0.001137102,0.000974659,0.005360624,0.024041585445094216,0,0.029889538661468484,0.065139701,0.020467836,0.024204029,0.021280051981806367,0.018680961663417803,0.006822612,0.00568551,0.000162443,0.001786875,[],,
Dickens,PickwickPapers,34,CHAPTER XXXIV. IS WHOLLY DEVOTED TO A FULL AND FAITHFUL REPORT OF THE,300,11916,9116,39.72,1279.4216,1279.4216,4.462483545414655,6.054209014099585,0.2056,79.9591,65.64450459737951,8.156694208234711,8.709086072277078,1,0.111,0.834,0.055,1755,,615,1154,535,378,1058,2373,54,913,253,1779,4,,378,54,974,11,3,1154,576,22,17,108,1318,736,2,317,9,0,606,234,466,11,13,41,212,1,312,632,147,246,216,118,64,66,7,45,,0.0674638,0.1265906099166301,0.058688021,0.041465555068012284,0.11605967529618254,0.2603115401491882,0.005923651,0.10015357612988153,0.027753400614304518,0.19515138218516892,0.000438789,,0.041465555068012284,0.005923651,0.10684510750329092,0.00120667,0.000329092,0.1265906099166301,0.063185608,0.002413339,0.001864853,0.011847301,0.1445809565598947,0.080737165,0.000219394,0.034774024,0.000987275,0,0.066476525,0.025669153137340937,0.051118911803422554,0.00120667,0.001426064,0.004497587,0.023255813953488372,0.000109697,0.034225538,0.069328653,0.016125493637560332,0.026985519964896884,0.023694603,0.012944273804300131,0.007020623,0.007240018,0.000767881,0.004936376,[],,
Dickens,PickwickPapers,35,CHAPTER XXXV. IN WHICH MR. PICKWICK THINKS HE HAD BETTER GO TO BATH; AND,277,7535,5706,27.20216606498195,616.3056992792816,616.3056992792816,4.430073606729758,5.853242090621307,0.2799,83.6229,67.76127350427353,7.396393162393164,8.767826698,1,0.149,0.793,0.059,1532,,438,658,334,247,706,1509,35,538,161,1077,3,,247,35,641,14,2,658,408,10,20,58,853,440,5,211,7,0,360,136,298,7,7,36,125,1,172,412,109,146,113,67,44,42,0,22,,0.076761304,0.11531720995443392,0.058534876,0.043287767,0.12372940764107956,0.2644584647739222,0.006133894,0.094286716,0.028215913,0.18874868559411145,0.000525762,,0.043287767,0.006133894,0.1123378899404136,0.002453558,0.000350508,0.11531720995443392,0.07150368,0.001752541,0.003505082,0.010164738871363477,0.14949176305643183,0.077111812,0.000876271,0.036978619,0.001226779,0,0.063091483,0.023834560112162635,0.052225727,0.001226779,0.001226779,0.006309148,0.021906764808973012,0.000175254,0.030143708377146864,0.072204697,0.019102698913424466,0.025587101296880476,0.019803715387311602,0.011742025937609533,0.007711181,0.007360673,0,0.003855591,[],,
Dickens,PickwickPapers,36,CHAPTER XXXVI. THE CHIEF FEATURES OF WHICH WILL BE FOUND TO BE AN,170,5514,4496,32.43529411764706,605.4105190311418,605.4105190311418,4.341414590747331,5.181701201779992,0.3065,83.9728,66.37459220541477,9.293847283692728,8.591815152,0.9997,0.115,0.813,0.072,1321,,338,603,259,211,594,1099,27,397,148,820,0,,211,27,531,25,0,603,322,9,7,35,734,190,0,175,9,0,238,129,223,6,5,37,111,0,132,344,87,108,60,54,29,27,3,25,,0.075177936,0.13411921708185054,0.057606762,0.046930605,0.13211743772241993,0.24443950177935944,0.006005338,0.088300712,0.032918149,0.18238434163701067,0,,0.046930605,0.006005338,0.1181049822064057,0.005560498,0,0.13411921708185054,0.071619217,0.002001779,0.00155694,0.007784698,0.1632562277580071,0.042259786,0,0.038923487544483985,0.002001779,0,0.052935943060498224,0.028692171,0.049599644,0.00133452,0.0011121,0.008229537,0.024688612,0,0.029359430604982206,0.076512456,0.019350534,0.024021352,0.013345195729537367,0.012010676,0.006450178,0.006005338,0.00066726,0.005560498,[],,
Dickens,PickwickPapers,37,"CHAPTER XXXVII. HONOURABLY ACCOUNTS FOR MR. WELLER’S ABSENCE, BY",186,6596,4899,35.46236559139785,650.5066481674181,650.5066481674181,4.228822208614003,5.760051092905431,0.2607,88.3593,72.11909375487808,6.8872767858214985,8.503404970963878,0.9999,0.124,0.824,0.052,1226,,382,603,297,157,575,1237,23,477,140,1006,2,,157,23,529,9,2,603,367,9,6,62,755,352,1,129,4,0,361,98,264,6,10,30,110,0,180,380,71,126,120,67,33,18,0,17,,0.077975097,0.12308634415186773,0.060624617,0.032047357,0.11737089201877934,0.2525005103082262,0.004694836,0.09736681,0.028577260665441927,0.20534803,0.000408247,,0.032047357,0.004694836,0.107981221,0.00183711,0.000408247,0.12308634415186773,0.074913248,0.00183711,0.00122474,0.012655644008981426,0.15411308430291895,0.071851398,0.000204123,0.026331904470300063,0.000816493,0,0.073688508,0.020004082,0.053888549,0.00122474,0.002041233,0.006123699,0.022453561951418656,0,0.036742192,0.07756685,0.014492753623188406,0.025719534598897736,0.024494795,0.013676260461318637,0.006736069,0.003674219,0,0.003470096,[],,
Dickens,PickwickPapers,38,"CHAPTER XXXVIII. HOW MR. WINKLE, WHEN HE STEPPED OUT OF THE FRYING-PAN,",223,6731,5187,30.183856502242154,893.1455689838924,893.1455689838924,4.387892809,6.037701883246919,0.2865,96.2398,66.07202851,7.897891692221915,8.668289988257065,0.9999,0.123,0.812,0.065,1407,,389,626,310,191,594,1322,18,517,170,1048,2,,191,18,537,13,1,626,370,9,10,57,793,401,3,125,13,0,350,131,280,8,4,34,136,1,181,376,112,149,113,60,31,36,0,18,,0.07499518,0.120686331,0.059764797,0.036822826,0.11451706188548294,0.2548679390784654,0.003470214,0.099672258,0.032774243,0.2020435704646231,0.000385579,,0.036822826,0.003470214,0.10352805089647195,0.002506266,0.00019279,0.120686331,0.071332177,0.001735107,0.001927897,0.010989011,0.15288220551378445,0.077308656,0.000578369,0.024098708309234624,0.002506266,0,0.067476383,0.025255446308077887,0.053981107,0.001542317,0.000771159,0.006554849,0.026219395,0.00019279,0.03489493,0.072488915,0.021592442645074223,0.028725660304607673,0.021785232,0.01156738,0.00597648,0.006940428,0,0.003470214,[],,
Dickens,PickwickPapers,39,"CHAPTER XXXIX. MR. SAMUEL WELLER, BEING INTRUSTED WITH A MISSION OF",219,7536,5817,34.41095890410959,687.8037155188591,687.8037155188591,4.336943441636582,5.679489574418479,0.2549,102.647,67.16859243138916,8.105315556,8.711142069088089,1,0.136,0.806,0.058,1407,,466,726,409,192,642,1409,28,569,196,1176,4,,192,28,575,13,3,726,425,21,20,69,855,408,0,146,6,0,398,145,373,5,4,41,155,1,224,441,120,140,106,76,48,26,0,27,,0.080110022,0.12480660134089737,0.070311157,0.033006704,0.11036616812790098,0.2422210761560942,0.004813478,0.097816744,0.033694344,0.20216606498194944,0.00068764,,0.033006704,0.004813478,0.098848204,0.002234829,0.00051573,0.12480660134089737,0.073061716,0.003610108,0.003438198,0.011861784,0.14698298091799897,0.070139247,0,0.025098848203541343,0.00103146,0,0.068420148,0.024926938284339006,0.0641224,0.00085955,0.00068764,0.007048307,0.026646037476362384,0.00017191,0.038507822,0.075812274,0.020629190304280558,0.024067388688327317,0.018222451435447824,0.013065153859377687,0.008251676,0.004469658,0,0.004641568,[],,
Dickens,PickwickPapers,40,CHAPTER XL. INTRODUCES MR. PICKWICK TO A NEW AND NOT UNINTERESTING SCENE,189,6204,4883,32.82539682539682,540.1123708742755,540.1123708742755,4.304935490477166,5.4009729786359815,0.2695,84.5578,69.00824810408552,7.945375912486437,8.518297814579515,0.999,0.092,0.837,0.07,1234,,335,647,260,174,667,1192,36,458,149,965,0,,174,36,602,12,0,647,320,8,7,46,777,267,1,147,17,0,296,116,234,1,5,27,122,0,153,374,119,148,95,30,36,44,2,20,,0.068605366,0.13250051198033996,0.053245955,0.035633832,0.13659635469997952,0.24411222609051814,0.007372517,0.093794798,0.030514028261314767,0.19762441122260904,0,,0.035633832,0.007372517,0.12328486586115094,0.002457506,0,0.13250051198033996,0.065533484,0.001638337,0.001433545,0.009420438,0.15912348965799714,0.054679500307188204,0.000204792,0.030104443989350808,0.003481466,0,0.060618472,0.023755888,0.04792136,0.000204792,0.001023961,0.005529388,0.024984640589801353,0,0.031333197,0.076592259,0.024370264181855415,0.030309236125332786,0.019455252918287938,0.006143764,0.007372517,0.009010854,0.000409584,0.004095843,[],,
Dickens,PickwickPapers,41,CHAPTER XLI. WHAT BEFELL MR. PICKWICK WHEN HE GOT INTO THE FLEET; WHAT,172,6528,5058,37.95348837209303,750.0210924824229,750.0210924824229,4.3113879003558715,5.706714918335212,0.2855,86.9186,66.03897274932756,8.802772928164647,8.660293932844201,0.9998,0.108,0.819,0.072,1390,,397,672,314,198,642,1239,26,461,142,963,4,,198,26,573,16,3,672,382,11,4,46,811,253,0,175,7,0,344,90,283,8,6,24,118,1,174,324,107,124,109,79,46,24,3,17,,0.078489522,0.132858837,0.062079873,0.039145907,0.1269276393831554,0.24495848161328587,0.005140372,0.091142744,0.028074338,0.1903914590747331,0.000790826,,0.039145907,0.005140372,0.1132858837485172,0.003163306,0.00059312,0.132858837,0.075523922,0.002174773,0.000790826,0.009094504,0.16034005535784895,0.050019771,0,0.034598655595096874,0.001383946,0,0.068011072,0.017793594306049824,0.055950969,0.001581653,0.00118624,0.004744958,0.023329379,0.000197707,0.034400949,0.06405694,0.021154606563859233,0.024515618821668642,0.02155002,0.015618821668643732,0.009094504,0.004744958,0.00059312,0.003361012,[],,
Dickens,PickwickPapers,42,"CHAPTER XLII. ILLUSTRATIVE, LIKE THE PRECEDING ONE, OF THE OLD PROVERB,",228,7112,5401,31.19298245614035,693.9101261926747,693.9101261926747,4.405110165,5.869953519617099,0.2885,107.2401,68.48685443064113,7.414251074,8.760733809038033,0.9996,0.099,0.83,0.071,1496,,418,685,300,184,661,1352,35,523,168,1075,0,,184,35,584,22,0,685,404,6,8,56,829,335,0,188,5,1,338,142,267,8,4,32,135,0,183,348,128,157,127,76,50,40,3,21,,0.077393075,0.1268283651175708,0.055545269,0.034067765,0.1223847435660063,0.25032401407146826,0.006480281,0.09683392,0.031105350860951675,0.19903721533049434,0,,0.034067765,0.006480281,0.10812812442140345,0.00407332,0,0.1268283651175708,0.074800963,0.001110905,0.001481207,0.010368450286983891,0.15349009442695796,0.062025551,0,0.034808369,0.000925754,0.000185151,0.062581004,0.026291427513423442,0.04943529,0.001481207,0.000740604,0.005924829,0.024995371227550453,0,0.033882614,0.064432512,0.023699314941677468,0.029068691,0.023514164,0.014071468246620996,0.009257545,0.007406036,0.000555453,0.003888169,[],,
Dickens,PickwickPapers,43,CHAPTER XLIII. SHOWING HOW MR. SAMUEL WELLER GOT INTO DIFFICULTIES,217,6685,4874,30.806451612903224,554.9302809573361,554.9302809573361,4.235740664751744,5.802243327082529,0.2844,90.8828,70.36862869340634,7.054605988474069,8.646385306262054,0.9998,0.118,0.813,0.069,1370,,372,559,283,180,549,1310,28,501,147,943,2,,180,28,499,14,2,559,355,8,9,48,767,385,0,158,6,0,345,120,250,5,8,37,110,0,152,326,66,115,152,84,30,33,3,20,,0.076323348,0.11469019286007386,0.058063192,0.036930652,0.11263848994665572,0.26877308165777597,0.005744768,0.10279031596224866,0.030160032827246615,0.19347558473533033,0.000410341,,0.036930652,0.005744768,0.10237997537956504,0.002872384,0.000410341,0.11469019286007386,0.072835453,0.001641362,0.001846533,0.009848174,0.1573656134591711,0.078990562,0,0.032416906032006566,0.001231022,0,0.070783751,0.024620434961017644,0.051292573,0.001025851,0.001641362,0.007591301,0.022568732,0,0.031185884283955682,0.066885515,0.013541239228559704,0.023594583504308576,0.031185884283955682,0.017234304,0.006155109,0.00677062,0.000615511,0.004103406,[],,
Dickens,PickwickPapers,44,CHAPTER LXIV. TREATS OF DIVERS LITTLE MATTERS WHICH OCCURRED IN THE,212,7124,5221,33.60377358490566,937.5222499110002,937.5222499110002,4.113005171423099,5.185467716694191,0.2607,92.2211,75.13231709141205,6.479477277062884,8.609394695373126,0.9991,0.102,0.814,0.084,1315,,352,587,318,192,573,1322,54,572,152,1092,7,,192,54,522,13,5,587,341,9,2,45,843,338,1,140,8,0,427,123,281,6,0,39,113,2,192,361,103,108,156,127,30,21,1,31,,0.067420034,0.11243056885654089,0.060907872,0.036774564,0.10974909021260294,0.2532081976632829,0.010342846198046351,0.10955755602375024,0.029113197,0.20915533422715954,0.001340739,,0.036774564,0.010342846198046351,0.099980847,0.002489944,0.000957671,0.11243056885654089,0.065313158,0.001723808,0.000383068,0.008619038,0.16146332120283471,0.064738556,0.000191534,0.026814786,0.001532274,0,0.081785099,0.023558705228883356,0.053821107,0.001149205,0,0.007469833,0.021643363340356252,0.000383068,0.036774564,0.069143842,0.019728021451829152,0.020685692396092702,0.029879333461022794,0.024324841984294198,0.005746026,0.004022218,0.000191534,0.00593756,[],,
Dickens,PickwickPapers,45,CHAPTER XLIV. DESCRIPTIVE OF AN AFFECTING INTERVIEW BETWEEN MR. SAMUEL,235,8380,6234,35.659574468085104,828.2841104572203,828.2841104572203,4.290022457491178,5.538280301067685,0.2711,102.5487,70.03253871081213,7.417718066776892,8.790897010121718,0.9994,0.098,0.827,0.076,1598,,489,742,341,267,684,1609,28,646,192,1234,2,,267,28,613,13,2,742,456,21,12,51,897,488,1,223,11,0,433,186,303,11,5,48,144,0,209,452,135,141,159,87,47,26,1,22,,0.078440808,0.11902470324029515,0.054700032,0.042829644,0.109720885,0.25810073788899585,0.004491498,0.10362528071863972,0.030798845043310877,0.19794674366377926,0.000320821,,0.042829644,0.004491498,0.098331729,0.002085338,0.000320821,0.11902470324029515,0.073147257,0.003368624,0.001924928,0.008180943,0.143888354,0.078280398,0.000160411,0.035771575,0.001764517,0,0.069457812,0.029836381135707413,0.048604427,0.001764517,0.000802053,0.007699711,0.023099133782483156,0,0.033525826114854024,0.072505614,0.021655438,0.022617901828681425,0.025505294,0.013955727,0.007539301,0.004170677,0.000160411,0.003529034,[],,
Dickens,PickwickPapers,46,"CHAPTER XLVI. RECORDS A TOUCHING ACT OF DELICATE FEELING, NOT UNMIXED",171,4931,3613,28.83625730994152,613.9731883314524,613.9731883314524,4.310545253252145,5.1905807433853015,0.2798,87.9098,70.72810882767122,6.729050783312797,8.400924054410087,0.9997,0.11,0.825,0.065,988,,241,410,247,118,434,931,21,331,112,765,3,,118,21,393,8,2,410,228,12,1,34,529,285,6,111,8,0,226,75,213,8,3,25,87,1,105,291,93,107,84,51,25,30,0,23,,0.06670357,0.11347910323830612,0.06836424,0.032659839468585666,0.12012178245225574,0.25768059784112923,0.005812344,0.091613617,0.030999169665098258,0.21173539994464435,0.000830335,,0.032659839468585666,0.005812344,0.10877387212842513,0.002214226,0.000553557,0.11347910323830612,0.063105453,0.00332134,0.000276778,0.009410462,0.14641572100747302,0.078881816,0.00166067,0.030722391364517022,0.002214226,0,0.062551896,0.020758373,0.058953778,0.002214226,0.000830335,0.006919458,0.024079712150567395,0.000276778,0.029061721561029614,0.080542485,0.025740381954054804,0.029615278162192085,0.023249377248823692,0.014115693329642956,0.006919458,0.008303349,0,0.006365901,[],,
Dickens,PickwickPapers,47,"CHAPTER XLVII. IS CHIEFLY DEVOTED TO MATTERS OF BUSINESS, AND THE",167,5859,4495,35.08383233532934,988.6636308221881,988.6636308221881,4.372191323692992,5.695288969,0.2848,94.9081,67.76201322678425,7.803653623587767,8.552432781473527,0.9999,0.139,0.799,0.062,1218,,315,545,299,174,466,1114,24,522,149,884,3,,174,24,427,8,2,545,297,6,12,65,611,362,0,141,7,0,325,155,261,9,3,27,122,1,162,266,102,119,107,63,24,39,3,26,,0.070077864,0.12124582869855395,0.066518354,0.038709677,0.10367074527252503,0.2478309232480534,0.005339266,0.11612903225806452,0.033147942,0.19666295884315907,0.000667408,,0.038709677,0.005339266,0.094994438,0.001779755,0.000444939,0.12124582869855395,0.066073415,0.001334816,0.002669633,0.014460511679644048,0.13592880978865407,0.080533927,0,0.031368187,0.001557286,0,0.072302558,0.034482758620689655,0.058064516,0.002002225,0.000667408,0.006006674,0.027141268,0.000222469,0.036040044,0.059176863,0.022691879866518355,0.026473859844271412,0.023804226918798667,0.014015572858731925,0.005339266,0.008676307,0.000667408,0.005784205,[],,
Dickens,PickwickPapers,48,"CHAPTER XLVIII. RELATES HOW MR. PICKWICK, WITH THE ASSISTANCE OF SAMUEL",175,6422,4829,36.69714285714286,828.9997061,828.9997061,4.286394698695382,5.7425794433017785,0.2709,89.5957,68.81814972583267,7.483261474411048,8.528464087686574,0.9998,0.104,0.842,0.054,1255,,314,569,270,176,525,1256,21,542,137,1018,1,,176,21,487,7,0,569,303,6,5,53,731,386,1,138,6,0,352,137,239,7,3,18,119,1,166,355,114,139,116,75,25,52,1,21,,0.065023814,0.11782977842203354,0.055912197,0.036446469,0.10871816110996066,0.2600952578173535,0.004348726,0.112238559,0.028370263,0.21080969144750467,0.000207082,,0.036446469,0.004348726,0.10084903706771588,0.001449575,0,0.11782977842203354,0.06274591,0.001242493,0.001035411,0.010975357216815076,0.15137709670739283,0.079933734,0.000207082,0.028577345,0.001242493,0,0.072892938,0.028370263,0.049492649,0.001449575,0.000621247,0.00372748,0.024642783184924414,0.000207082,0.034375647131911366,0.073514185,0.023607372126734312,0.028784427417684822,0.024021536550010353,0.015531165872851522,0.005177055,0.010768275005177056,0.000207082,0.004348726,[],,
Dickens,PickwickPapers,49,CHAPTER XLIX. CONTAINING THE STORY OF THE BAGMAN’S UNCLE,260,8941,7270,34.38846153846154,627.0990976331361,627.0990976331361,4.168638239339752,4.593569397,0.229,83.0502,67.16618970006229,9.956146236882692,8.559878775298685,1,0.128,0.811,0.061,1518,,542,966,438,312,916,1654,62,799,226,1355,0,,312,62,837,21,0,966,510,15,17,56,1195,149,0,310,24,0,469,295,387,6,6,57,169,0,187,576,183,187,109,57,34,35,0,39,,0.074552957,0.1328748280605227,0.060247592847317746,0.042916094,0.12599724896836315,0.22751031636863825,0.008528198,0.10990371389270977,0.031086657,0.18638239339752408,0,,0.042916094,0.008528198,0.11513067400275104,0.002888583,0,0.1328748280605227,0.070151307,0.002063274,0.002338377,0.007702889,0.1643741403026135,0.020495185694635487,0,0.04264099,0.003301238,0,0.064511692,0.040577717,0.053232462173314996,0.000825309,0.000825309,0.00784044,0.023246217331499314,0,0.025722145804676754,0.079229711,0.025171939,0.025722145804676754,0.014993122420907841,0.00784044,0.004676754,0.004814305,0,0.005364512,[],,
Dickens,PickwickPapers,50,"CHAPTER L. HOW MR. PICKWICK SPED UPON HIS MISSION, AND HOW HE WAS",194,7101,5480,36.603092783505154,775.7754543522159,775.7754543522159,4.466058394160584,5.899577894400341,0.2739,90.2154,65.69704524791945,7.999383367912291,8.576842596588715,0.9999,0.121,0.831,0.048,1427,,408,723,345,207,709,1434,26,477,174,974,3,,207,26,651,5,3,723,380,13,15,54,820,436,1,177,10,0,332,119,311,6,10,25,149,0,165,354,137,117,88,59,43,23,3,18,,0.074452555,0.13193430656934307,0.062956204,0.037773722627737226,0.1293795620437956,0.26167883211678833,0.004744526,0.087043796,0.031751824817518245,0.17773722627737226,0.000547445,,0.037773722627737226,0.004744526,0.1187956204379562,0.000912409,0.000547445,0.13193430656934307,0.069343066,0.002372263,0.002737226,0.009854015,0.14963503649635038,0.079562044,0.000182482,0.03229927,0.001824818,0,0.060583941605839416,0.021715328467153284,0.056751825,0.001094891,0.001824818,0.004562044,0.027189781,0,0.030109489051094892,0.06459854,0.025,0.021350365,0.016058394160583942,0.010766423357664234,0.007846715,0.00419708,0.000547445,0.003284672,[],,
Dickens,PickwickPapers,51,CHAPTER LI. IN WHICH MR. PICKWICK ENCOUNTERS AN OLD ACQUAINTANCE--TO,192,7045,5360,36.692708333333336,1279.4732801649307,1279.4732801649307,4.483022388059702,6.215756536812209,0.3007,91.1678,63.131576392933425,8.881601846459159,8.755868814729897,0.9986,0.104,0.809,0.087,1554,,416,660,297,204,656,1444,17,451,166,1047,2,,204,17,608,7,2,660,404,8,4,49,859,422,0,163,4,0,305,126,271,6,3,37,129,0,166,378,134,139,104,77,37,19,1,17,,0.07761194,0.12313432835820895,0.055410448,0.038059701,0.12238805970149254,0.26940298507462684,0.003171642,0.084141791,0.030970149253731344,0.1953358208955224,0.000373134,,0.038059701,0.003171642,0.11343283582089553,0.00130597,0.000373134,0.12313432835820895,0.075373134,0.001492537,0.000746269,0.009141791,0.16026119402985076,0.078731343,0,0.030410447761194028,0.000746269,0,0.056902985,0.023507462686567164,0.050559701492537315,0.001119403,0.000559701,0.006902985,0.024067164179104476,0,0.030970149253731344,0.070522388,0.025,0.025932835820895523,0.019402985074626865,0.014365671641791044,0.006902985,0.003544776,0.000186567,0.003171642,[],,
Dickens,PickwickPapers,52,"CHAPTER LII. INVOLVING A SERIOUS CHANGE IN THE WELLER FAMILY, AND THE",147,5958,4473,40.53061224489796,1812.1538247952244,1812.1538247952244,4.1786273194723895,5.360669969090446,0.285,105.3092,68.96356239839787,8.145919088221799,8.638741804862086,0.9994,0.093,0.845,0.063,1217,,335,489,285,194,472,1125,19,498,135,919,2,,194,19,431,12,2,489,318,11,6,43,718,282,0,125,5,0,346,137,261,9,2,28,107,0,157,313,105,105,119,77,24,15,0,13,,0.074893807,0.10932260228034876,0.063715627,0.043371339,0.10552202101497876,0.2515090543259557,0.004247708,0.11133467471495641,0.030181086519114688,0.20545495193382518,0.000447127,,0.043371339,0.004247708,0.096355913,0.002682763,0.000447127,0.10932260228034876,0.071093226,0.0024592,0.001341382,0.009613235,0.1605186675609211,0.063044936,0,0.027945450480661747,0.001117818,0,0.077353007,0.030628213726805277,0.058350101,0.002012072,0.000447127,0.006259781,0.023921305611446456,0,0.035099486,0.069975408,0.023474178403755867,0.023474178403755867,0.026604068857589983,0.017214397496087636,0.005365526,0.003353454,0,0.002906327,[],,
Dickens,PickwickPapers,53,"CHAPTER LIII. COMPRISING THE FINAL EXIT OF MR. JINGLE AND JOB TROTTER,",192,6191,4592,32.244791666666664,562.8202853732639,562.8202853732639,4.400696864111498,5.7645291311051485,0.279,104.944,68.69506390578782,7.283807291,8.578441843933795,0.9999,0.136,0.802,0.062,1220,,322,534,295,153,454,1123,26,556,129,1000,0,,153,26,399,16,0,534,298,12,12,61,607,384,2,130,4,0,383,136,250,9,7,25,104,0,156,334,134,110,141,64,35,37,0,29,,0.070121951,0.11628919860627178,0.06424216,0.033318815,0.098867596,0.24455574912891986,0.005662021,0.1210801393728223,0.028092334,0.21777003484320556,0,,0.033318815,0.005662021,0.086890244,0.003484321,0,0.11628919860627178,0.06489547,0.00261324,0.00261324,0.013283972,0.1321864111498258,0.083623693,0.00043554,0.028310104529616725,0.00087108,0,0.083405923,0.029616724738675958,0.054442509,0.00195993,0.00152439,0.005444251,0.022648084,0,0.033972125,0.072735192,0.029181184668989547,0.023954703832752614,0.030705574912891987,0.013937282229965157,0.007621951,0.008057491,0,0.006315331,[],,
Dickens,PickwickPapers,54,"CHAPTER LIV. CONTAINING SOME PARTICULARS RELATIVE TO THE DOUBLE KNOCK,",223,7513,5651,33.690582959641254,603.1374449516378,603.1374449516378,4.2815430897186335,5.5188577144324285,0.2419,95.3933,69.43372819003115,7.517038748341868,8.546997159122844,0.9999,0.127,0.801,0.071,1312,,429,634,391,211,609,1297,21,665,186,1207,1,,211,21,557,14,1,634,414,4,11,44,779,364,0,154,16,0,460,160,344,7,5,30,156,0,203,437,152,141,148,82,22,44,1,35,,0.075915767,0.112192532,0.069191294,0.037338524,0.10776853654220492,0.22951689966377634,0.003716156,0.11767828702884445,0.032914528,0.21359051495310563,0.00017696,,0.037338524,0.003716156,0.098566625,0.002477438,0.00017696,0.112192532,0.07326137,0.000707839,0.001946558,0.007786233,0.13785170766236066,0.064413378,0,0.027251813838258716,0.002831357,0,0.081401522,0.028313572818970095,0.060874182,0.001238719,0.000884799,0.005308795,0.027605733498495842,0,0.035922845514068304,0.077331446,0.026897894,0.024951336046717395,0.026190054857547336,0.014510706069722172,0.003893116,0.007786233,0.00017696,0.006193594,[],,
Dickens,PickwickPapers,55,"CHAPTER LV. MR. SOLOMON PELL, ASSISTED BY A SELECT COMMITTEE OF",179,6235,4627,34.832402234636874,644.6758216035704,644.6758216035704,4.283553058137022,5.511557896633722,0.2848,93.2505,68.60458935929778,7.585448137705892,8.645065032873438,0.9998,0.098,0.852,0.05,1268,,331,498,251,161,539,1262,33,469,155,928,0,,161,33,486,14,0,498,310,12,9,38,687,390,6,179,7,0,327,120,234,2,1,24,131,0,137,330,89,141,132,61,32,20,2,14,,0.071536633,0.10762913334774152,0.054246812189323534,0.034795764,0.11649016641452345,0.2727469202507024,0.007132051,0.10136157337367625,0.033499027,0.20056191917008862,0,,0.034795764,0.007132051,0.10503566025502485,0.003025719,0,0.10762913334774152,0.066998055,0.002593473,0.001945105,0.008212665,0.14847633455802897,0.084287876,0.001296737,0.038685973633023556,0.001512859,0,0.070672142,0.025934731,0.050572725,0.000432246,0.000216123,0.005186946,0.028312081262156907,0,0.029608817808515236,0.07132051,0.019234925437648584,0.030473309,0.028528204019883294,0.013183488221309703,0.006915928,0.004322455,0.000432246,0.003025719,[],,
Dickens,PickwickPapers,56,CHAPTER LVI. AN IMPORTANT CONFERENCE TAKES PLACE BETWEEN MR. PICKWICK,196,6078,4391,31.010204081632654,560.2754060807996,560.2754060807996,4.251651104531997,5.752431229672545,0.2598,96.3166,71.87274430572418,6.441109319223731,8.486595571602662,0.9999,0.137,0.809,0.053,1118,,353,452,275,150,374,1049,20,592,133,991,2,,150,20,341,9,1,452,330,18,5,54,609,345,0,95,0,0,417,151,249,7,2,26,107,1,177,306,101,109,162,82,24,22,2,17,,0.08039171,0.10293782737417445,0.062628103,0.034160783,0.08517422,0.23889774538829422,0.004554771,0.134821225,0.030289227966294692,0.2256889091323161,0.000455477,,0.034160783,0.004554771,0.077658848,0.002049647,0.000227739,0.10293782737417445,0.075153724,0.004099294,0.001138693,0.012297882,0.13869278068777044,0.078569802,0,0.021635163,0,0,0.094966978,0.034388522,0.0567069,0.00159417,0.000455477,0.005921202,0.024368025506718287,0.000227739,0.040309724436347075,0.069687998,0.023001594169892964,0.024823502618993395,0.036893646094283764,0.018674561603279436,0.005465725,0.005010248,0.000455477,0.003871555,[],,
Dickens,PickwickPapers,57,"CHAPTER LVII. IN WHICH THE PICKWICK CLUB IS FINALLY DISSOLVED, AND",81,3210,2702,39.629629629629626,580.8998628257888,580.8998628257888,4.668763878608438,6.462081299539065,0.3631,100.8382,55.02147809,11.11646326716594,8.471386554370016,0.9999,0.191,0.757,0.051,922,,238,363,153,137,329,653,20,220,95,494,0,,137,20,284,10,0,363,223,8,7,20,372,141,0,140,10,0,135,69,135,3,4,6,89,0,77,140,59,103,46,49,25,16,0,11,,0.088082902,0.13434492968171724,0.056624722,0.050703183,0.12176165803108809,0.24167283493708364,0.007401925,0.08142117,0.035159141376757956,0.18282753515914138,0,,0.050703183,0.007401925,0.10510732790525537,0.003700962,0,0.13434492968171724,0.082531458,0.00296077,0.002590674,0.007401925,0.1376757957068838,0.052183568,0,0.051813472,0.003700962,0,0.04996299,0.02553664,0.04996299,0.001110289,0.001480385,0.002220577,0.032938564,0,0.028497409,0.051813472,0.021835677276091783,0.038119911176905996,0.017024426350851222,0.018134715025906734,0.009252406,0.00592154,0,0.004071058,[],,